Word,YouTube_Link
Abbreviation,https://youtu.be/uVE9xX6fcp8
Abeyance,https://youtu.be/ClxK5dEsoZk
About,https://youtu.be/nbGetUh9P74
Above,https://youtu.be/ggeNzh5at2g
Absent,https://youtu.be/eoAWbfQWN7Q
Absorb,https://youtu.be/d5SWvjzXUbs
Absorption,https://youtu.be/c05vX2BcjUs
Abstract Of Account,https://youtu.be/zU-UAPxXzjU
Acceleration,https://youtu.be/56068bo3XzU
Accept,https://youtu.be/jNqoK6dGDe4
Acceptance,https://youtu.be/qh52MLe84Fw
Acceptance Clean,https://youtu.be/xQ24Y6Y7wvE
Acceptor For Honour,https://youtu.be/gWj11s-_CyE
Access,https://youtu.be/U-3Gvctw8Do
Accessories,https://youtu.be/MHcb7CiK_IA
Accident,https://youtu.be/uTZVPZYcdw8
Accommodation,https://youtu.be/0BOyMqB1KUQ
Account,https://youtu.be/L6opOP8-MB4
Account Blocked,https://youtu.be/k-cDnMe7pp8
Account Book,https://youtu.be/j6JhN79aivA
Account Branch Adjustment,https://youtu.be/vYV4WGuCqZs
Account Charges,https://youtu.be/5dvE8jj59zQ
Account Closed,https://youtu.be/7FmS5KzjtL0
Account Closing,https://youtu.be/CyY-qOh0k4U
Account Commission,https://youtu.be/IeGTCdw-lFQ
Account Currency,https://youtu.be/TelHvRCbKco
Account Current,https://youtu.be/GES06kpvMl4
Account Day,https://youtu.be/5BwB9bxmvGY
Account Discount,https://youtu.be/bRG0I-FNuII
Account Govemment,https://youtu.be/VKeDxmyvczg
Account Head,https://youtu.be/QkIAlWUDxPo
Account Holder,https://youtu.be/rP-VqYz6Lyk
Account Inoperative,https://youtu.be/xiUZYUTW660
Account Joint,https://youtu.be/e0WS9OgJpFs
Account Margin,https://youtu.be/kPF8HIor4D0
Account Minor,https://youtu.be/p2fONcgegyM
Account Payee Only,https://youtu.be/sQwcW3szYW8
Account Profit And Loss,https://youtu.be/D6jjiguTEmI
Account Rupee,https://youtu.be/yUHZhwPUfRk
Account Suit Filed,https://youtu.be/JG9WnZMN5ZA
Account Suspence,https://youtu.be/bDOUOr8c5EM
Accumulated,https://youtu.be/N4rsVFJsb1Y
Accurate,https://youtu.be/rJjNfXvVaaY
Accured,https://youtu.be/clxS63kY4zs
Accuse,https://youtu.be/PxXzMm43V0U
Acknowledgement,https://youtu.be/4ZJOFmnUXOI
Across,https://youtu.be/IOz0Yx8IpHU
Act,https://youtu.be/LLTf0gT5Pdo
Acting,https://youtu.be/3cluYDK8u08
Action,https://youtu.be/AjWZkexuKVI
Active,https://youtu.be/Ep_W1M6FWe0
Actor,https://youtu.be/aYbsN9GG3kY
Actress,https://youtu.be/GQ_gnL7Aymk
Actual,https://youtu.be/ojf8g4q0xvU
Add,https://youtu.be/B0eoeNCs3RI
Additional,https://youtu.be/IQS9ORLYumE
Address-1,https://youtu.be/eZg439hkK5I
Adhesive,https://youtu.be/iRZbZObhJ9g
Adjustable Screw,https://youtu.be/NZZkWB8jtls
Adjustement,https://youtu.be/0N47JPzl2Ow
Admissible,https://youtu.be/rrqJccrO4vo
Advance,https://youtu.be/eIMEevvmmoE
Advantage,https://youtu.be/q4cpBqay1qI
Advertisement,https://youtu.be/rxzyWCTxCbg
Advise,https://youtu.be/rvAlXnalbqU
Aeroplane,https://youtu.be/6M1rP2r672o
Affidavit,https://youtu.be/R4uJr2ys09Y
Africa,https://youtu.be/ZytQJwYWKuM
After,https://youtu.be/tTjQsNGEeZ0
Afternoon,https://youtu.be/LbxSV8unB9M
Again,https://youtu.be/y57kJAluXeM
Age,https://youtu.be/98wq5RZYq90
Agenda,https://youtu.be/maf-Qj8EavI
Agra,https://youtu.be/IjyH501MJjY
Agree,https://youtu.be/na-Lq61BD80
Agreement,https://youtu.be/dFstSkKTdJs
Agriculture,https://youtu.be/5ISUVe2dXX8
Ahemedabad,https://youtu.be/AectM0u3HLI
Air,https://youtu.be/hpWytkH3Oas
Airmail,https://youtu.be/gEGlTYbGvLI
Airport,https://youtu.be/t3QUjMIwyxE
Air Pollution,https://youtu.be/_YZmHbnrcmM
Alarm System,https://youtu.be/Ok6fbvE1cu0
Alive,https://youtu.be/DAkf0SjQpuk
All,https://youtu.be/by5LPvJU5OY
Allah,https://youtu.be/I8TH3Ef1yls
Allergy,https://youtu.be/zYWxTgBpp5o
Allotment,https://youtu.be/IihwJw1jkfA
Allow,https://youtu.be/59fqI8xBVzw
Allowance,https://youtu.be/UfZyeijqQeY
Alone,https://youtu.be/FCNV_86edvI
Alternate Current,https://youtu.be/LashuTkELEo
Altitude,https://youtu.be/FnTehW6ik-Y
Aluminium,https://youtu.be/XBDWMGgWI04
Always,https://youtu.be/KBfrB3Kx5Kw
Amalgamation,https://youtu.be/rOjimhh-dqE
Ambulance,https://youtu.be/RQEHiQQ25bY
Amendments,https://youtu.be/aW1uRjayEEQ
Ammeter,https://youtu.be/MhUpw_qPCHU
Among,https://youtu.be/uBtYh10h6RU
Amount,https://youtu.be/2yARXoO8Nrg
Ampere,https://youtu.be/n3G0WQd5il8
Amplitude,https://youtu.be/-I0sjwzg0tY
Amritsar,https://youtu.be/1DMSk1W0LSY
Andhra Pradesh,https://youtu.be/Z8s8vMx7whQ
Angel,https://youtu.be/OTtrGki5gQg
Angle,https://youtu.be/nS9YfFqJct0
Angle Of Refraction,https://youtu.be/R7lhpy6_niU
Angry,https://youtu.be/1-wpwyfm1Mg
Angular Velocity,https://youtu.be/MsWnmwlUBik
Animals,https://youtu.be/ltR5hdlEzjQ
Anklets,https://youtu.be/qlTFEkGXr7Q
Announce,https://youtu.be/1uQyCwx-fEE
Annual,https://youtu.be/m40rLzSro7M
Annual Closing,https://youtu.be/nswjPlnZf9U
Annual Report,https://youtu.be/8lbfynog1yQ
Antartica,https://youtu.be/lEVfZdtEMkU
Anticlockwise,https://youtu.be/wqrZVsLOR_A
Ant,https://youtu.be/qkl0Ad2_chc
Any,https://youtu.be/UAHpTtftpWE
Apparatus,https://youtu.be/N1J4iPzvFDY
Appear,https://youtu.be/baqITtRxH5U
Apple,https://youtu.be/Lu_R01JQky8
Applicant,https://youtu.be/xnQ61pjVinc
Application,https://youtu.be/-0XujLX2_9I
Appointment,https://youtu.be/pkfSN1ufC0c
Appreciation,https://youtu.be/PXEWAfcfs_A
Approval,https://youtu.be/zdZNbKoJejY
April,https://youtu.be/XCsc6GXwslU
Area,https://youtu.be/7rvnsRkA5WU
Argue,https://youtu.be/EnNw43_8YjY
Arm,https://youtu.be/3yRZjuvtEd0
Arms And Amunitions,https://youtu.be/fsA2L4hL5Cc
Around,https://youtu.be/_16L9IQXOm8
Arrears,https://youtu.be/_9JUz_eRGKk
Arrest,https://youtu.be/-_ozohdfbV0
Art,https://youtu.be/ujw1Z5DK0r4
Artificial,https://youtu.be/0F_szwrQs1g
Asia,https://youtu.be/yk4B-asWh0I
Ask,https://youtu.be/r8ySf1Ql93Q
Assam,https://youtu.be/uTLMV91lB10
Assembly,https://youtu.be/XCYJTR2fzss
Assets,https://youtu.be/tr9YJUmvus8
Assistance,https://youtu.be/3nSx74wu6q0
Association,https://youtu.be/MYfR4Ec-zU0
Astronomy,https://youtu.be/i4SoQNXcpik
At,https://youtu.be/RlIkYzzsHpg
Atmosphere,https://youtu.be/zYuR7aEr3SI
Atom,https://youtu.be/Moi8EgQo6rE
Attachmant Of Property,https://youtu.be/DU-odPNLPio
Attendant,https://youtu.be/WYgbIDwh3pQ
Attorney,https://youtu.be/kYO_FhDcRXE
Attraction,https://youtu.be/DHr0LlZd0cs
Attractive Force,https://youtu.be/0ETSwMTLaac
Audiologist,https://youtu.be/0wY8TKOu5z0
Audio Frequency,https://youtu.be/GPDJy25-tN8
Audit,https://youtu.be/0xxg0V8sb3w
Auditorium,https://youtu.be/Z-eYQ41xjss
Australia,https://youtu.be/zfvnGrqiLMQ
Authorisation,https://youtu.be/eTKkv1WCs0Y
Authorised Signature,https://youtu.be/EdGYkgo-nX0
Automatic,https://youtu.be/eiJTiYxjgHk
Automobiles,https://youtu.be/oZGsu4mt2e4
Autorickshaw,https://youtu.be/wxhNZfUzVEo
Average,https://youtu.be/GGBp_AxOgjE
Avoid,https://youtu.be/6f5kXjfqcU0
Axe,https://youtu.be/XaifQVBtgpw
Baby,https://youtu.be/DPQ-TcGykDw
Back,https://youtu.be/Mbu8042cTuA
Bad Conductor,https://youtu.be/clwF6d-MIBw
Bad Debts,https://youtu.be/88Uj27nX_f4
Bad,https://youtu.be/YQcpKDKzhIQ
Bail,https://youtu.be/eKQhdwlBO_U
Bake,https://youtu.be/YfCkx2qZd10
Balance,https://youtu.be/1p0Yw8NfadM
Balance Closing,https://youtu.be/4MDuw5Pj-94
Balance Opening,https://youtu.be/j7WkWV09J6k
Balance Outstanding,https://youtu.be/ZuVsJQ_IKxc
Balance Sheet,https://youtu.be/SEuUIH_SeVc
Balcony,https://youtu.be/glwqA5VEbBs
Ball,https://youtu.be/Qc72veU0a6g
Balloon,https://youtu.be/o1TtSAj8-oc
Banana,https://youtu.be/DbWWsUmMXUA
Banaras,https://youtu.be/qgH8zxbIQr4
Bandage,https://youtu.be/pkbxmqqVuqU
Bandh,https://youtu.be/bH3KEeVn-rU
Bangalore,https://youtu.be/6YdDaQpd7-E
Bangladesh,https://youtu.be/UhtjXl2_OcA
Bangles,https://youtu.be/uwYdH7GuSBg
Banian,https://youtu.be/bCXEgYMuyQU
Bank,https://youtu.be/IphLasWnRHk
Bank Nationalised,https://youtu.be/bwrBPuatbGQ
Barber,https://youtu.be/VhsF-apA_D8
Bark,https://youtu.be/VAGtePDt80E
Bar Magnet,https://youtu.be/gKyJmtZ6JZY
Basketball,https://youtu.be/KKfE1JlLal8
Basket Of Currencies,https://youtu.be/kSNvIZi2cpg
Bat,https://youtu.be/EnyO2ToSA20
Bathroom,https://youtu.be/j3tuj3W7MFk
Bath,https://youtu.be/IWxnrliK3Mk
Batminton,https://youtu.be/5vyTHPBq4Sg
Battery,https://youtu.be/p9iMjaFLMsc
Beak,https://youtu.be/kCUX4h_p3J0
Beaker,https://youtu.be/KF_6TkQc5Ag
Beans,https://youtu.be/oRWZCnGJmjY
Bear,https://youtu.be/GyQ1wh7tiaU
Bearer,https://youtu.be/EQMR3agty8g
Beat,https://youtu.be/MbUT3Kfq4Dc
Beautiful,https://youtu.be/rQ4mnndh8wk
Become,https://youtu.be/oLG6MTeNo2k
Bed,https://youtu.be/PWuJv2FHsvA
Bedroom,https://youtu.be/V9YCBo53D94
Bedsheet,https://youtu.be/5-DDBSyDDqM
Before,https://youtu.be/GAP_IrJE0F0
Begin,https://youtu.be/d5gBuuQWncc
Behind,https://youtu.be/vKabvg9GjnY
Balcony,https://youtu.be/2CrAogKMFeo
Belief,https://youtu.be/6JEcTQfX4yI
Bell,https://youtu.be/0eCFVHc06YA
Below,https://youtu.be/QBbAwvlhH0o
Belt,https://youtu.be/_O0kLRn736A
Bench,https://youtu.be/E99L8qeeuVk
Bend,https://youtu.be/XHJhdPI69bU
Benefit,https://youtu.be/P4bcxgldVSQ
Bengali,https://youtu.be/BS_TcCb8q0s
Berth,https://youtu.be/1vIbJ1xeH6c
Between,https://youtu.be/lzTXlugHZCg
Beverages,https://youtu.be/sm67xCmbfNs
Bhangada,https://youtu.be/mNf1uFIbIfI
Bhopal,https://youtu.be/MeKJPAuFOgk
Bible,https://youtu.be/DBMZ92qq6fY
Biconcave Lens,https://youtu.be/yffUIRSERd0
Biconvex Lens,https://youtu.be/xwn7XQRbQnc
Big,https://youtu.be/a2YWHdD5gKk
Bihar,https://youtu.be/KkLXMOjfW1M
Bill,https://youtu.be/2cW9Z4UPvgA
Bills Purchased,https://youtu.be/s91r7_fA4O4
Bills Receivable,https://youtu.be/EDjuGTVlhfk
Bill Of Exchange,https://youtu.be/m-B9NoejhTg
Bimetallic,https://youtu.be/BnIXdnAD2EA
Binary,https://youtu.be/SYNNpD0n0U0
Biomass,https://youtu.be/_uvEsXwbAKw
Bio Energy,https://youtu.be/pr_5nYeLFKc
Bird,https://youtu.be/ThLhLlan5Yo
Birth,https://youtu.be/LcIgsxb9F1Y
Birthday,https://youtu.be/gZ8N1iYkH34
Biscuit,https://youtu.be/QGozGZ4rg9c
Bite,https://youtu.be/Aa8BKFLPRYs
Bitter,https://youtu.be/SwtT_BdLe3A
Black,https://youtu.be/QRTZR4dcC6k
Black Board,https://youtu.be/QBjMKvsK1sk
Blind,https://youtu.be/M7fd9b-5J64
Blood,https://youtu.be/51zM9pARAnY
Blood Pressure,https://youtu.be/VEppUiloi6c
Blouse,https://youtu.be/_p5nn1S8iRE
Blow,https://youtu.be/AmbZ5vym81g
Blue,https://youtu.be/ZjgpWHd9cyc
Boat,https://youtu.be/FsYPPqQ-1CA
Body,https://youtu.be/K9BFoOaBA18
Bogie,https://youtu.be/YwFKOE6S4C0
Boil,https://youtu.be/01UZKDp47Ao
Boiling Point,https://youtu.be/FX4qWqaO0aE
Bold,https://youtu.be/td1WlMO5Frw
Bolt,https://youtu.be/FDV5iLDQiFs
Bond,https://youtu.be/kqBV5yAFq-A
Bone,https://youtu.be/KRiQ8XKAhxY
Book,https://youtu.be/l2ytof4d1r0
Boring,https://youtu.be/zuwgMn6oS-Q
Borrow,https://youtu.be/yymmblO1-8U
Borrower,https://youtu.be/uEtH33ZDk_s
Bottle,https://youtu.be/Qk6lwjDDsns
Bowl,https://youtu.be/HPhGTpO7cvc
Boxing,https://youtu.be/FMNrbQN6pX0
Boy,https://youtu.be/Yiu0Yd9fSk8
Brain,https://youtu.be/kKwNheqJZ9M
Branch,https://youtu.be/06tYXs9inPk
Brass,https://youtu.be/iG5hfz3BeJE
Brave,https://youtu.be/_uMcaHo1se0
Bread Board,https://youtu.be/FYxrZhkb5Zc
Bread,https://youtu.be/X8_WnuAdIoE
Break,https://youtu.be/iuWCFhzXAw4
Breakfast,https://youtu.be/JeJLv2tM3nY
Breathe,https://youtu.be/2praG1zS_-c
Brick,https://youtu.be/Teyhg_5_rdw
Bridge,https://youtu.be/CKCqZpXdLU4
Bright,https://youtu.be/X2zPMYXfVkI
Bring,https://youtu.be/JsdNgRcC4wU
Brinjal,https://youtu.be/6UUmcqXYDLA
Brittle,https://youtu.be/_1vtXVjFtg0
Brokerage,https://youtu.be/rwocxlQmNvM
Brother,https://youtu.be/rOcFkQzLhLQ
Brother-In-Law,https://youtu.be/pcz5j3TcyEs
Brown,https://youtu.be/dQ30qulPHvE
Brush,https://youtu.be/RJ2_mx6DsmA
Bucket,https://youtu.be/uOsiUhQwVC8
Bud,https://youtu.be/7Ef8k8x0ESQ
Buddah,https://youtu.be/j3M1eyb-Kjo
Buddha Purnima,https://youtu.be/bmQ6EhxdBuw
Budget,https://youtu.be/fWM7asGvHvE
Buffalo,https://youtu.be/Tm_V8zmIsCA
Bug,https://youtu.be/IQdo3niLRus
Build,https://youtu.be/fAa6GQuNoYM
Building,https://youtu.be/Uxc7Ghdi86Y
Bulb,https://youtu.be/KoixXkIyiUM
Bullock Cart,https://youtu.be/qIYgR-Dvb6I
Burglar,https://youtu.be/qsLUWtIB5eM
Bury,https://youtu.be/7EmJ9RQmT_w
Business,https://youtu.be/C39QX6etLxw
Busy,https://youtu.be/mfoG6eiYkuA
Bus Conductor,https://youtu.be/XSg7UigBYwY
Bus Stand,https://youtu.be/BIO33uNK_pY
Butter,https://youtu.be/Gf-58Ft9qEA
Butterfly,https://youtu.be/iEN8nrcP1y8
Buy,https://youtu.be/wyu_qsxDouM
Buyer,https://youtu.be/Uk2g1CB1O2s
Bye Laws,https://youtu.be/XxuhRhf5AZM
Cabbage,https://youtu.be/UodmDnAnLmg
Cake,https://youtu.be/nU2c599HQUM
Calculation,https://youtu.be/Ned2R4FgR7Y
Calculator,https://youtu.be/63BPw0sMbtQ
Calcutta,https://youtu.be/5B0lLJXGREY
Call,https://youtu.be/g9AslMiIVTE
Call Deposit,https://youtu.be/fS8tS7dCIhA
Call Money,https://youtu.be/eseyrC-e-s8
Calm,https://youtu.be/nOfYw4qFT98
Calorie,https://youtu.be/R5k5q5laIfk
Calorimeter,https://youtu.be/TwD2W_F22dE
Camel,https://youtu.be/i4SXWG5euBE
Camera,https://youtu.be/I1i5r5rd7vI
Can,https://youtu.be/-R02rqkyxHc
Cancel,https://youtu.be/DHihi8AG0ck
Cancer,https://youtu.be/H5vUC_UZZfQ
Candle,https://youtu.be/migHEZ8zuh0
Cap,https://youtu.be/CfFtNMRV6Y8
Capacitor,https://youtu.be/u1yq_lnEwGI
Capacity,https://youtu.be/3sX8OzIgyIc
Capillary Tube,https://youtu.be/MyFCxLg44HY
Capital,https://youtu.be/GrNwG3wnIsI
Car,https://youtu.be/Rty4lN6R8LY
Carburetor,https://youtu.be/DwrOgyG1P7E
Card,https://youtu.be/8gOeGenGvfg
Careful,https://youtu.be/DlLsAg0WL68
Careless,https://youtu.be/wW7q8bpusjE
Carpenter,https://youtu.be/u-vcH9n4_P0
Carrom,https://youtu.be/vamyn1qDCdg
Carrot,https://youtu.be/ztOfNdPNwAU
Carry,https://youtu.be/rzVyqTff8MY
Cash,https://youtu.be/UY6S37YeDTE
Cash Book,https://youtu.be/9QPvSQjo2oQ
Cash Certificates,https://youtu.be/_VoVLROfTak
Cash Credit,https://youtu.be/xVgr78Og8o8
Cash Credit Key,https://youtu.be/Xjnz65u4rsc
Cash Receipt,https://youtu.be/QfGq9Md-D2o
Cash Remmitance,https://youtu.be/Pl5J3391Pao
Cassette,https://youtu.be/s8wH4rgfn20
Catch,https://youtu.be/aQpVV49PF98
Cat,https://youtu.be/wPofP8PotLg
Cauliflower,https://youtu.be/Sz-NQ2ENlqA
Cave,https://youtu.be/WAWc1DosGJM
Celeprate,https://youtu.be/aYQ97trsr6k
Celsius,https://youtu.be/lcw-m4_hZUY
Cement,https://youtu.be/JWG3G2AfAO4
Center,https://youtu.be/Ua00PZ_-QKE
Centigram,https://youtu.be/TqSyQEAlkU8
Centimeter,https://youtu.be/z8d961aDuUA
Centre Of Curvature,https://youtu.be/uOxGDdDq-Os
Centrifugal,https://youtu.be/40AA6WkT-Ys
Centripetal,https://youtu.be/o2drDly41iw
Certificate,https://youtu.be/CO-YipjVoj4
Chain Reaction,https://youtu.be/5pXM8FVyL7Y
Chair,https://youtu.be/tShdaK0wAgk
Chalk,https://youtu.be/rBD74wqvKeI
Chandigarh,https://youtu.be/HnVaM3dWOO4
Change,https://youtu.be/2qRR4hQZAdA
Change In State,https://youtu.be/W5yf-VHdSsg
Change In Temperature,https://youtu.be/Xt6ujzVtikU
Chapathi,https://youtu.be/YnKRMSyKkJk
Chapter,https://youtu.be/oaBVfRn6GPA
Charge,https://youtu.be/SwLs3Kowas8
Charge Sheet,https://youtu.be/K0EyqFbG2N0
Chart,https://youtu.be/v1c0FpBhESQ
Chase,https://youtu.be/wGgVSfyAtBs
Chat,https://youtu.be/SccmMdkBiAU
Cheap,https://youtu.be/TXe-rPMd1q4
Cheat,https://youtu.be/RVKZfvYZHks
Chemical Energy,https://youtu.be/I2xOiEMrgM0
Chemistry,https://youtu.be/tSgEtTP4jkM
Chennai,https://youtu.be/SPF11a6Uwy4
Cheque Crossed,https://youtu.be/vhPLDKNYuEg
Cheque Endorsement,https://youtu.be/dwuDZ2R6yV0
Cheque Fraudulent,https://youtu.be/LSzTcuj4Zhg
Cheque Gift,https://youtu.be/O1HMV7OKCZs
Cheque Mutilated,https://youtu.be/xVCIBUlDlkE
Cheque Postdated,https://youtu.be/2yqiuXXxZ3Y
Cheque Retumed Memo,https://youtu.be/N97Z7TLvXU4
Cheque Stale,https://youtu.be/TPCuCv8TjE8
Cheque Travellers,https://youtu.be/gYAOz-CJruo
Cheque,https://youtu.be/amBz3VzA608
Chess,https://youtu.be/xYWHiCUuoi4
Chest,https://youtu.be/ddanfdSlKGA
Chew,https://youtu.be/eYDkqbfQD7E
Chicken,https://youtu.be/7nBs9VJFPUA
Chickoo,https://youtu.be/L0C9pyt3Iv0
Chief,https://youtu.be/Q0HKbrbAj0A
Chief Minister,https://youtu.be/ok8DLBVJmKU
Children,https://youtu.be/pWeJhQGITxI
Chillie,https://youtu.be/T4BAyeuRKM4
China,https://youtu.be/VqF3Q_7eQDc
Chocolate,https://youtu.be/D6MP5temHtg
Cholera,https://youtu.be/t8sdmhD1yCc
Christian,https://youtu.be/5oIuAvPIeUc
Christmas,https://youtu.be/bJiwFIbDGRQ
Church,https://youtu.be/yHgMtQOPid4
Cinema,https://youtu.be/fs99SCAQCxU
Circle,https://youtu.be/rBRJw6gUMHM
Circuit,https://youtu.be/EL4UAMc2Kmc
Circular,https://youtu.be/fy-aZQ2Fx_Y
Circular Motion,https://youtu.be/0kr-oJWV_wI
Circus,https://youtu.be/-HOXFEzH00I
City,https://youtu.be/4oJ4RzPUxyQ
Claim,https://youtu.be/Rjv2fm62JAY
Clap,https://youtu.be/fZsaGLA9Z3s
Classification,https://youtu.be/KzcNcvmdfUc
Class Room,https://youtu.be/Bh9e-exemes
Clean,https://youtu.be/t1XvJu6yRk8
Clearing House,https://youtu.be/tFftFv6aIjE
Clerk,https://youtu.be/lH8ozqCOz_w
Clever,https://youtu.be/FR_SoS24QTs
Client,https://youtu.be/1iZij0vXGiQ
Climb Down,https://youtu.be/4g99hQUlSd4
Climb Up,https://youtu.be/YAn2NmtqmkU
Clinic,https://youtu.be/D20jrJs_BNQ
Clinical Thermometer,https://youtu.be/Ai8GHDxnOzE
Clock,https://youtu.be/BD6ADUnsyio
Clockwise,https://youtu.be/JRE6SRmb_yI
Close,https://youtu.be/RJVa8OUU9pA
Cloth,https://youtu.be/GM5YzHlNbtQ
Clouds,https://youtu.be/Tpyp71m96Nk
Clown,https://youtu.be/_45PKVEtIUE
Coal,https://youtu.be/Q-jSZX4uAjY
Coat,https://youtu.be/j3XAVjxZDUA
Cobbler,https://youtu.be/-i5XH3VNyZc
Cochin,https://youtu.be/i1HQutvRGa4
Cock,https://youtu.be/kBGA6N3xhBo
Cockroach,https://youtu.be/C15CAFPqP9g
Coconut,https://youtu.be/J6YkOCzKPpA
Coded Message,https://youtu.be/fGZIdas27Ak
Coffee,https://youtu.be/JmsjCb19HB4
Coherent,https://youtu.be/2WzVp7AncT4
Cohesive,https://youtu.be/5yEAIUigL8o
Coimbatore,https://youtu.be/Dy9J-D3RVDw
Coin,https://youtu.be/IAd2idq-iPI
Cold,https://youtu.be/8FkwA1OENww
Cold Drink,https://youtu.be/zEv81qWK7yQ
Collecting Agent,https://youtu.be/bq4pGPy0xlc
College,https://youtu.be/Vxw3BnPmi3s
Collision,https://youtu.be/299nspHeeag
Colour Filter,https://youtu.be/2tX3eQTM1Lc
Comb,https://youtu.be/rbw7n0D0KGE
Come,https://youtu.be/d3i2EjGoA2k
Comfortable,https://youtu.be/WW5m7jWsHFA
Committee,https://youtu.be/gDJSpnnmmDA
Common,https://youtu.be/c-A3wFtFlEM
Communicate,https://youtu.be/XcQTq6tBNeE
Communication,https://youtu.be/iiYu_W7B91w
Compact Disc,https://youtu.be/-E1n5hTjako
Company,https://youtu.be/4TLvls1tSgA
Company Joint Stock,https://youtu.be/ObJnMFN4KQg
Company Partnership,https://youtu.be/bp32ckPVj6s
Compare,https://youtu.be/JDFAUSbxIhk
Compass,https://youtu.be/nBXHnSz4pYc
Compate,https://youtu.be/nZp9HgnRg2Q
Competition,https://youtu.be/L0J8OikrRXQ
Complain,https://youtu.be/AzOpSq_iZCo
Complaint,https://youtu.be/-Tfg5XTzi0c
Complete,https://youtu.be/1wVR6wsoIfw
Compound Interest,https://youtu.be/bmnbIMDM4MY
Compound Microscope,https://youtu.be/m6s5zgf0gpI
Compression,https://youtu.be/QU-ZlgFpBVw
Compromise,https://youtu.be/eFb4OLllu9I
Compulsory,https://youtu.be/xEUbXwWImbc
Computer,https://youtu.be/5IDn1RRczUo
Computerisation,https://youtu.be/LEqwMyWAVG0
Concave Lens,https://youtu.be/yVNuNrwFZ1c
Concave Mirror,https://youtu.be/wu_tcc63EjM
Concave-Convex Lens,https://youtu.be/aOR-2KDf9pA
Concentrate,https://youtu.be/GSeKuIBIGWs
Concession,https://youtu.be/yOkZgJliKfo
Conciliation,https://youtu.be/E3CEiwzCU94
Concurrent,https://youtu.be/l3rjbQ5M6xg
Condition,https://youtu.be/OrlYpvp8gnI
Conductor,https://youtu.be/6l6GxuCUthA
Cone,https://youtu.be/rYwhWesDH9k
Conference,https://youtu.be/HivopUmOiR0
Confident,https://youtu.be/6GToY6IT_Pg
Confidential Report,https://youtu.be/WUH-YL4puUI
Confirmed Member,https://youtu.be/98UHa9YGWMg
Conservation,https://youtu.be/joYn4YE3jFg
Continent,https://youtu.be/c6lgZeRgbuM
Continue,https://youtu.be/RHetQGTr7nU
Contraction,https://youtu.be/JxEGnvLxNu4
Control,https://youtu.be/up_LofohcV4
Conversion,https://youtu.be/oYPDwA6rGqc
Convex Lens,https://youtu.be/y8OT5FWMEl8
Convex Mirror,https://youtu.be/VHdpLk4GK08
Convex-Concave Lens,https://youtu.be/_MQLjVv71vA
Conveyance Allowance,https://youtu.be/Ngrila2aXJg
Cook,https://youtu.be/pIdeeOdo8pw
Coolie,https://youtu.be/0KeSJQiRAgo
Cooperate,https://youtu.be/ped2hI_0Lu4
Coordinate,https://youtu.be/5C7Uj6oTrCI
Copper,https://youtu.be/PQBIO5wAinc
Copper Wire,https://youtu.be/__cUle3-80c
Copy,https://youtu.be/I5GA0QFoDos
Corn,https://youtu.be/iwMNKUoHKgY
Corresponding Branch,https://youtu.be/aeaHJYnML2E
Corruption,https://youtu.be/1hghU7py9HI
Cosmetics,https://youtu.be/-DDBcacIfeA
Cotober,https://youtu.be/FSKTNkpTx5Q
Cough,https://youtu.be/9HpOx_E5Q9Q
Count,https://youtu.be/ap3r07toNRc
Counter,https://youtu.be/hWrC71CmNus
Country,https://youtu.be/_idIz52QU2Y
Courier,https://youtu.be/i0RaT2MIuvY
Court,https://youtu.be/XbKePH5Af7I
Cover,https://youtu.be/F-NlKJvZ17E
Cow,https://youtu.be/JSgfX7o3cCI
Crayons,https://youtu.be/rd2t-M0o7Ds
Cream,https://youtu.be/Ubg4ASlf83o
Created,https://youtu.be/NJuhUVHvXi4
Credit,https://youtu.be/JXtbhw70wpY
Credit Purchase,https://youtu.be/c_N193NzE94
Credit Sale,https://youtu.be/kX2zG8GYM_k
Credit Voucher,https://youtu.be/LCT8D8alG48
Creeper,https://youtu.be/sOfglCTtdsY
Cremate,https://youtu.be/BPC5XCxTQDE
Crest,https://youtu.be/Iz5sJta2az0
Cricket,https://youtu.be/G-zchviTHUI
Crime,https://youtu.be/Ncpxyoe9VTE
Criticize,https://youtu.be/-mGXVBz8pfs
Crocodile,https://youtu.be/aHmj7r_Ts70
Cross,https://youtu.be/UOFozu6HCwg
Crossing,https://youtu.be/wQ5nwBznVk8
Crow,https://youtu.be/dUcY3xSJj8Y
Crown,https://youtu.be/gzp_nV5PK1o
Cry,https://youtu.be/-oy6L89CeWU
Cube,https://youtu.be/aqiZxNaI6Fs
Cuboid,https://youtu.be/PY0YclnIXl8
Cucumber,https://youtu.be/GMAuU7yQo1k
Cunning,https://youtu.be/qBsdlxgyHU4
Cup,https://youtu.be/-AvE2V_2a-c
Cupboard,https://youtu.be/4lQ5qbaS0Gg
Curds,https://youtu.be/b0zVJUx-H0Y
Cure,https://youtu.be/V41e4s7n5jY
Currency Chest,https://youtu.be/f8TsAfMDsVU
Current,https://youtu.be/wC9iVMmSTeE
Curry,https://youtu.be/qUIXw4OObjQ
Curtain,https://youtu.be/hMBo35nYkJ8
Curvature,https://youtu.be/_FpLmutBgNQ
Curved,https://youtu.be/92HuQ3Vr13Q
Custard Apple,https://youtu.be/tNObn5kXF7Y
Custody,https://youtu.be/i07VeT58iLA
Cutout,https://youtu.be/Hz77BEDzZ-E
Cut,https://youtu.be/HG8PkQFk6po
Cycle,https://youtu.be/I5A2blkb1T8
Cylinder,https://youtu.be/82w5E_szSfs
Daily List,https://youtu.be/T3wOnHCetE0
Dam,https://youtu.be/THp4JJ3PWvo
Dance,https://youtu.be/mdlm_BRmE2o
Dangerous,https://youtu.be/xVuM_WPsOB8
Dark,https://youtu.be/TkdofzbdfeE
Darwer,https://youtu.be/pxDoKJd--Wk
Dasara,https://youtu.be/4j6MoLGuplE
Date,https://youtu.be/H0k_c6twr-Y
Daughter,https://youtu.be/OjYou9zLuDM
Day,https://youtu.be/11derBixy2I
Day After,https://youtu.be/rLgfWU1DpbY
Day Before,https://youtu.be/l6tVKGOn5JU
Day Book,https://youtu.be/pp-VaOe9Aek
Deaf,https://youtu.be/2NNiSDCb0ek
Debit Advice,https://youtu.be/A2t3ucbTnzg
Debt,https://youtu.be/M4-wk97gffk
Debt Doubtful,https://youtu.be/890291gO6Io
Deceased,https://youtu.be/WNeSwJJ4J7o
December,https://youtu.be/y1XgtWNM-OM
Decide,https://youtu.be/L-u8WLA5E18
Decimal,https://youtu.be/QvuS8pyY2a0
Declaration,https://youtu.be/CujxTrMxQEw
Decline,https://youtu.be/mOkpsL3dtYU
Decrease,https://youtu.be/38hLbeCJAtA
Deduction At Source,https://youtu.be/iuYHlVg5XXA
Deed Of Sale,https://youtu.be/E6XeodyBzYs
Deer,https://youtu.be/B1plqHKGoW4
Default,https://youtu.be/IZ5P9dAvZ5A
Defend,https://youtu.be/-37kn1vV9gc
Degree,https://youtu.be/ocJHUZkUA1E
Delegate,https://youtu.be/JZtlpCJqR-M
Delete,https://youtu.be/4-LrYNRVVZk
Delhi,https://youtu.be/3DeQ1zZ5pjo
Delivery,https://youtu.be/TIlcuqK-fr8
Demand,https://youtu.be/NfOadhavWHs
Demand Draft,https://youtu.be/sYoLxEMCh9E
Denomination,https://youtu.be/RZymw-Gk26s
Density,https://youtu.be/i5D0tObXY54
Department,https://youtu.be/WA9_DgdTz7M
Deposit,https://youtu.be/6r8MMPO3o9w
Deposit Safe Custody,https://youtu.be/kpVwMOWsclA
Deposit Short,https://youtu.be/ZHn-DlqMC3c
Depreciation,https://youtu.be/8OS9z5a2VfI
Depth,https://youtu.be/039-5dIML0I
Deputation,https://youtu.be/7MItzb6gz2c
Desert,https://youtu.be/jaGiqrGr1y0
Designing,https://youtu.be/HaYoTqtme1k
Desk,https://youtu.be/uMAC9Hx7UdQ
Despatch,https://youtu.be/mySSsdvhhZI
Destroy,https://youtu.be/DcRRjyNfFJs
Develop,https://youtu.be/vhqQBxbUVy0
Development,https://youtu.be/Hgv4G60B5Fc
Devil,https://youtu.be/EK6tORg211g
Dhobi,https://youtu.be/p2tdvIBIU0c
Dhothi,https://youtu.be/1O9PueJaMDw
Diabeletes,https://youtu.be/Gf4_V9dRgZk
Diabetes,https://youtu.be/U5lSxZnyve4
Diagonal,https://youtu.be/DU-O8ssmBHg
Die,https://youtu.be/kur_a7Q3Abg
Diesel,https://youtu.be/4aB00bo7A5M
Difference,https://youtu.be/-js9xT4ze2M
Different,https://youtu.be/8DFBVQZAs_U
Differential Rate Of Interest,https://youtu.be/4KjtR4PwJVM
Difficult,https://youtu.be/JW9yPJ2REK0
Diffraction,https://youtu.be/cZ4RwsITk3c
Dig,https://youtu.be/GtaZHYq-u_M
Dim,https://youtu.be/Q_wBjlTT4GY
Dinner,https://youtu.be/ywSGE7YCdCM
Diode,https://youtu.be/bdn3KzMo_rM
Direct,https://youtu.be/VBnTbBdLA1M
Direction,https://youtu.be/Ehm9mwSc-JU
Direct Appointment,https://youtu.be/K-cAmlbGqqE
Direct Current,https://youtu.be/HdtJulX0Koo
Dirty,https://youtu.be/lsaavtEzqKs
Disabled,https://youtu.be/qjlkVQxsQJg
Disagree,https://youtu.be/VUwFPpn_IZI
Disappear,https://youtu.be/0NMbSbEZ7G8
Disapproval,https://youtu.be/D4mWoGRHBYc
Disbursement,https://youtu.be/OsRTZjf3msw
Discharge,https://youtu.be/B6XbxlOZXm4
Discount,https://youtu.be/eSD8MwwgEhw
Discover,https://youtu.be/AbYawF3ki0k
Discretionary Limit,https://youtu.be/rbdcr9AQtrE
Discuss,https://youtu.be/uT8WGjPj-V8
Diseases,https://youtu.be/m8MBKbGzY6s
Disguise,https://youtu.be/vyvFWSdT7V4
Dish,https://youtu.be/94yey9jGdsE
Dish Antenna,https://youtu.be/tbjIgLxJxic
Dislike,https://youtu.be/GppkFygxOyQ
Dismissal,https://youtu.be/wPkxTCa_Dj4
Disolution,https://youtu.be/HB3JdzM5I8g
Dispersion,https://youtu.be/bubXTcY0A2E
Displacement,https://youtu.be/enZ-JZqbhk8
Distance,https://youtu.be/HrYfUg6i8DY
Distribute,https://youtu.be/5T4-x5twTKo
Distribution,https://youtu.be/KT6xge7oPak
District,https://youtu.be/W2nI_GK8rY4
Divide,https://youtu.be/nsIYX21oO_M
Dividend,https://youtu.be/aqym4tojhqQ
Division,https://youtu.be/QTSZAgSMfio
Diwali,https://youtu.be/zRnkG-1N3jY
Do,https://youtu.be/52a1sCV-74w
Doctor,https://youtu.be/-5lgXJQG0EM
Documents,https://youtu.be/geZegwhqVSE
Documents Of Title,https://youtu.be/h8zjYuaiBK8
Dog,https://youtu.be/r9QQ0jQ64IQ
Doll,https://youtu.be/q79Rs300DoY
Dollar,https://youtu.be/94KSlCCbBf0
Donkey,https://youtu.be/jR_zotBN7O0
Door,https://youtu.be/M9A3PKPxbdY
Doppler Effect,https://youtu.be/WYdAqmPV_Yc
Dosa,https://youtu.be/OUVv-5cwFaE
Double Entry,https://youtu.be/1kRjJqOY1q0
Double Handed,https://youtu.be/VlqddxqAYQo
Doubt,https://youtu.be/onUK6-vwi1s
Down,https://youtu.be/3BJDzOlCGcc
Draftsmen,https://youtu.be/1XGaQTl0iQs
Drama,https://youtu.be/8KHW8o8XZb0
Draw,https://youtu.be/U1jYplNZtN0
Drawer,https://youtu.be/3NPxIy6OXzg
Drawing,https://youtu.be/AKpYk0-0v8s
Dream,https://youtu.be/XvtQ_hOFO8E
Dress,https://youtu.be/hdFdrtyuxqw
Drink,https://youtu.be/6X8mSzwuKWw
Drive,https://youtu.be/1zOTclxTpZ0
Drop,https://youtu.be/hk2A1bKpvo4
Drown,https://youtu.be/MDshuUzuAQQ
Drum,https://youtu.be/czmizKva6TQ
Drumstick,https://youtu.be/w9Jz12VoOYQ
Dry,https://youtu.be/xcd8lsPxlP4
Dry Cell,https://youtu.be/S5iQxTVeKNE
Dubai,https://youtu.be/aJI0l51wGGM
Duck,https://youtu.be/QTyJEcqXDTg
Duplicate,https://youtu.be/V0VRDcoop14
Duration,https://youtu.be/4UvD29cSe1U
Durga,https://youtu.be/3-JaJnYcae8
During,https://youtu.be/KMB0F5vWexE
Duster,https://youtu.be/5DK7JulpR9g
Eagle,https://youtu.be/OaQqutxOEAE
Earn,https://youtu.be/7zYJmIUn870
Earth,https://youtu.be/LYfzb9LaUHw
Earthquake,https://youtu.be/8bC_BlQw_eQ
East,https://youtu.be/ZSOCalqaCTw
Easter,https://youtu.be/mnswyczu_t4
East,https://youtu.be/BpheOwGP6ZE
Easy,https://youtu.be/Q4WiRFOlOu0
Eat,https://youtu.be/d4nkMcBvUZM
Echo,https://youtu.be/Ku52vuQCoak
Eclipse,https://youtu.be/WWSODzzlgO8
Economic,https://youtu.be/P3LqZYt2U30
Edge,https://youtu.be/znGl0a0R3io
Education,https://youtu.be/xTirP9sB_SY
Egg,https://youtu.be/DtdeOvkYLo4
Elbow,https://youtu.be/1pTz3GSNi6w
Election,https://youtu.be/G9MUHd-IjF4
Electrical Energy,https://youtu.be/-2_NUxX4PVA
Electrical Tester,https://youtu.be/QKEuQ32GLNc
Electrician,https://youtu.be/KuwgdEpM9Bw
Electric Appliances,https://youtu.be/tAVnVRAbkz8
Electric Charge,https://youtu.be/42CmhRt0ANs
Electrode,https://youtu.be/A4s4g4tpDwQ
Electromagnet,https://youtu.be/LIZdSKzcc7c
Electromagnetic Wave,https://youtu.be/A0fQyTZj4Mk
Electromotive Force,https://youtu.be/KEhIkzsFVhk
Electron,https://youtu.be/IAqSm0HcDDI
Electronics,https://youtu.be/AFV4rZ8HFUI
Elephant,https://youtu.be/OHFdjCUkpME
Eliminate,https://youtu.be/XECPEZiJD4E
Embroidery,https://youtu.be/tHMs61ZefE8
Emergency,https://youtu.be/g-ErxwuqzTk
Emission,https://youtu.be/TING64HUZ2k
Emoluments,https://youtu.be/LPASkvwrEhg
Employment,https://youtu.be/qksJ3uwtD1o
Empty,https://youtu.be/UGMQBqwFQzg
Encashment,https://youtu.be/ava3Ux-MDDE
Enclosure,https://youtu.be/p7oldq2vCto
Encourage,https://youtu.be/pFvqiGdzRH4
End Use,https://youtu.be/eu6jtNK_qfI
Enemy,https://youtu.be/7OSI0FK-ka8
Energetic,https://youtu.be/p10Dt-78muM
Energy,https://youtu.be/BPXMuyXJai8
Energymeter,https://youtu.be/k0jZGXF0xNY
Engagement,https://youtu.be/h8h5ad2vUf8
Engine,https://youtu.be/2U643_QFXA8
England,https://youtu.be/m8OQCisbUss
Engineer,https://youtu.be/Oi__gIjhBk0
Enjoy,https://youtu.be/i9_iDJ7f6oU
Entertainment,https://youtu.be/3zXseLcBn4A
Envelope,https://youtu.be/REPEztEF060
Environment,https://youtu.be/u1e9ioscyfU
Equal,https://youtu.be/gmMXi65lYPA
Equation,https://youtu.be/ZQXv3lFCkp8
Equator,https://youtu.be/Swad8O2a5Qc
Eraser,https://youtu.be/UxC_mC9iK-I
Erect,https://youtu.be/3GbJlbAKUy8
Error Of Omission,https://youtu.be/UfJyWbJ_RpQ
Escape,https://youtu.be/aj736kmw3Pw
Essay,https://youtu.be/l1xyWyTDKy4
Establishment,https://youtu.be/JiPwL-4i6Uo
Estimate,https://youtu.be/rvOBl50SewA
Europe,https://youtu.be/D38jZfxOtFs
Evening,https://youtu.be/zSwPgYew9xY
Examination,https://youtu.be/H-QyPKHdBpo
Examine,https://youtu.be/s13W7g7VnJ8
Exchange,https://youtu.be/ITV9-ymtK_M
Exchange Foreign,https://youtu.be/pEdQoefPlaI
Exemption,https://youtu.be/yYgwZxLlykw
Exercise,https://youtu.be/lGjAsZhyyKc
Exhaust Pump,https://youtu.be/TihAh8jvRTs
Expansion,https://youtu.be/sJF8p7K6dwk
Expenditure,https://youtu.be/gfgQWafpuLo
Expensive,https://youtu.be/CNIlm20ulSs
Experience,https://youtu.be/Lh8YfU2MNWc
Experiment,https://youtu.be/YVRYl6f1f_0
Expert,https://youtu.be/aKKqKv1FFrU
Expiry,https://youtu.be/rFlXpH9WCf8
Explain,https://youtu.be/A-XKL0nXLoA
Export,https://youtu.be/QckqmpDk6uc
Extension Counter,https://youtu.be/xwhBXEev13o
External,https://youtu.be/NYWcVvZIlwY
External Combustion Engine,https://youtu.be/XzFGTYxVrW0
Extra,https://youtu.be/nGYNwYqr4iM
Eye,https://youtu.be/JKKejwob7W8
E-Mail,https://youtu.be/kfSr1QvbHZA
Face,https://youtu.be/31IAr_rm054
Face Value,https://youtu.be/WVaqG1MJyr4
Faclory,https://youtu.be/esjHmLoXTKQ
Facsimile Signature,https://youtu.be/msFZgjGHhCw
Fail,https://youtu.be/hMLtjJ2H09Y
Faith,https://youtu.be/mZPhzM2sh0E
Fake,https://youtu.be/uyRfqa6Am-M
Fall,https://youtu.be/5ZQ26qxo_qY
FALSE,https://youtu.be/OSxSHGU_WOo
Family,https://youtu.be/7swvJrXBA3I
Famous,https://youtu.be/7Vn_Dto8Vq4
Fan,https://youtu.be/PB7rn__dcKg
Fare,https://youtu.be/KCFYiQAly-Q
Farm,https://youtu.be/ITtZaBbXqyE
Farmer,https://youtu.be/j2TJMBMK4tw
Far,https://youtu.be/oRbyb-naKkE
Fast,https://youtu.be/SGsTDG4Awfk
Fat,https://youtu.be/H2RHQ43Nly4
Father,https://youtu.be/Gm2HCSz7Jqg
Father-In-Law,https://youtu.be/y6iDMOz13sI
Fax,https://youtu.be/8VeV3_Y6Olw
Fear,https://youtu.be/inqCbpEQ4LM
Feather,https://youtu.be/4RNnYGS3E34
February,https://youtu.be/_yuawBKn9O0
Feed,https://youtu.be/nH5V7jQYZfU
Feel,https://youtu.be/IommKlI9JqQ
Festivals,https://youtu.be/zxXFqg4uC_I
Few,https://youtu.be/JGDj06htv-A
Field,https://youtu.be/NkQLCSHvZcY
Fight,https://youtu.be/BGfcBh4woVU
Figure,https://youtu.be/pG0n_OYfyQ4
Filament,https://youtu.be/uCxNvB_ULoA
File,https://youtu.be/dmspcOTLMP8
Fill,https://youtu.be/FiEj2MNIRAs
Film,https://youtu.be/Br0rMI_5PzA
Filter Pump,https://youtu.be/bBzWwcYyMK8
Final,https://youtu.be/LZheGIIbAGs
Final Accounts,https://youtu.be/Ipvw2kyzr_w
Finance,https://youtu.be/Gvg-342aMWE
Financial Year,https://youtu.be/aAOnQ9s6SlM
Find,https://youtu.be/gb87YgCYHY0
Fine,https://youtu.be/hMHTMJFYAaI
Fingers,https://youtu.be/8hLvImVhOJM
Finish,https://youtu.be/7LIrmOTBAok
Fioppy,https://youtu.be/o4GtA7kt0xc
Fire,https://youtu.be/T4ySB6yP-m0
First Charge,https://youtu.be/Oc7vrILPpCQ
First Floor,https://youtu.be/zqoQST3Oap8
Fir,https://youtu.be/F9qYkNV06NE
Fish,https://youtu.be/G3noibPzJ1w
Fisher Man,https://youtu.be/ak5WS3_FBv8
Fishing Net,https://youtu.be/bOqgzRbAuqg
Fixed Asset,https://youtu.be/fQBJzNtf6rU
Fixed Rate,https://youtu.be/-PFwmd8NQgI
Flag,https://youtu.be/BzQFZNqQVsc
Flat,https://youtu.be/Z7rp2PsMEnM
Flexible,https://youtu.be/9D6zt9-uP88
Float,https://youtu.be/OC4C5-lLWxc
Flood,https://youtu.be/E1bMcpst-p8
Floor,https://youtu.be/DRvjyDqrHq4
Flourescence,https://youtu.be/dk9QGWXU2kY
Flower,https://youtu.be/hGE-45zVP8w
Fluctuation,https://youtu.be/PKi9kC2RNzo
Fluid Pressure,https://youtu.be/BTWoG55D4ns
Flute,https://youtu.be/uL1_UYVYkfg
Focal Length,https://youtu.be/NLEkfw25jWU
Folio,https://youtu.be/V1-w01T8L84
Follow,https://youtu.be/W7fDu4rueCg
Follow – Up Action,https://youtu.be/4J5r3KmJCPU
Food,https://youtu.be/NROeKyImRuI
Fool,https://youtu.be/DQZ8UEoRnUs
Foolish,https://youtu.be/GjOTwnRW2RM
Foot,https://youtu.be/2wA4J_9FFIc
Football,https://youtu.be/QBg2Y55juuY
Footpath,https://youtu.be/0EQEGldp9YA
Force,https://youtu.be/4kKAKsQ5mGU
Foreign,https://youtu.be/A3QOVwivz4Q
Forged,https://youtu.be/ObVcGiVYofE
Forget,https://youtu.be/JGiAZZ8byeU
Form,https://youtu.be/VV7wIkRKbf0
Formula,https://youtu.be/B0wM7GT2PKU
Form ,https://youtu.be/4gyV6cLT2o4
Fossil Fuels,https://youtu.be/P6e7z3qKweg
Fox,https://youtu.be/S0eE3CkrjZU
France,https://youtu.be/Ppbq_RDljyA
Frank,https://youtu.be/8NUflCsxZS0
Fraud,https://youtu.be/FqtbCwFHFrw
Free,https://youtu.be/EYWI_5mkrbc
Freeze,https://youtu.be/NXEPPzd8AXk
Freezing,https://youtu.be/wq4yQ4OdJ5U
Frequency,https://youtu.be/g1yiti_ayE8
Fresh,https://youtu.be/4OMY6uJx-O4
Frictional Force,https://youtu.be/7ViTNBqzX6o
Friday,https://youtu.be/b_lBAwm-AC4
Friend,https://youtu.be/ElXP4DjT3H8
Frock,https://youtu.be/0AH93vop9YA
Frog,https://youtu.be/e6oOrAWzRak
From,https://youtu.be/UfYeaYNJV8E
Fruits,https://youtu.be/Yu6K4sXguXs
Fry,https://youtu.be/s6C3AecUXiY
Full Moon Day,https://youtu.be/s_VX_84e7iM
Full,https://youtu.be/BrDv3nkZnCE
Fumiture,https://youtu.be/M7-RJmu46Fs
Fund,https://youtu.be/opvfqSmc3TM
Funding,https://youtu.be/xgtcWuX0mdU
Funeral,https://youtu.be/XYfVG8GNe4E
Funny,https://youtu.be/5TdjY77NHDE
Fuse,https://youtu.be/guhzTYs8TN8
Galaxy,https://youtu.be/nnnPWu4bf60
Galvanometer,https://youtu.be/vVGXtFbW5RI
Games,https://youtu.be/5naqubp3l2I
Gamma Ray,https://youtu.be/8rbvjjFfIPQ
Ganapathi,https://youtu.be/wzyxwmhPV9Y
Gardener,https://youtu.be/QlxwXFyAhOw
Garlic,https://youtu.be/ZzvSRtMXoSA
Gas,https://youtu.be/7ehztIhH_uA
Gas Equation,https://youtu.be/ShXISzBU1Ug
Gas Stove,https://youtu.be/mL4_qchOSsM
Gate,https://youtu.be/uA9K19APeNo
Gazette,https://youtu.be/WihSOQ3tQkw
General Ladger,https://youtu.be/ph86UNnfHM4
Generator,https://youtu.be/qouHxEWVK2w
Genuine,https://youtu.be/ubkSJRDhK7E
Geography,https://youtu.be/EI4ConsbYws
Geometry,https://youtu.be/4RBAWNsG8Hk
Geothermal Energy,https://youtu.be/N1sRspbhlk8
Germany,https://youtu.be/9200bHjUzac
Geyser,https://youtu.be/_vpJKqAQ_u8
Ghee,https://youtu.be/2VUCXrEllWo
Ghost,https://youtu.be/KVhmMplAyTE
Ginger,https://youtu.be/xgQSpL99krE
Giraffe,https://youtu.be/8_1PBGMAj9w
Girl,https://youtu.be/gz02l8wMzKk
Give,https://youtu.be/Codai31kUpE
Glass,https://youtu.be/oQ5MXCEEm7M
Glass Rod,https://youtu.be/tKKM601QlDM
Glass Slab,https://youtu.be/aJeKWqpMr7Y
Globe,https://youtu.be/KfY5FcxSBFk
Gloves,https://youtu.be/o1T_M9vuDr8
Go,https://youtu.be/PQoocuBF2f8
Goa,https://youtu.be/v1rzpB-cgGY
Goal,https://youtu.be/jbQ45t-svIc
Goat,https://youtu.be/aD03ngrTQoI
God,https://youtu.be/SqjG2lMm-NU
Gold,https://youtu.be/iyN0Qrmy8F8
Goods,https://youtu.be/33mc9fTI8tE
Goods Retumed,https://youtu.be/hl1aZKaSZ7I
Good,https://youtu.be/mmXQw0IktO0
Gossip,https://youtu.be/Jaw_nTMEwzY
Government,https://youtu.be/xKRO8sRM6yQ
Grain,https://youtu.be/rs7TTTwmbBo
Gram,https://youtu.be/ZHBeAUvAWFw
Granddaughter,https://youtu.be/zBvs_GPf6Y8
Grandfather,https://youtu.be/Fep0HNXm84k
Grandmother,https://youtu.be/vFgAnpNlRF0
Grandson,https://youtu.be/5-YpUXKTx2Q
Grass,https://youtu.be/poWZ8sd_wfk
Gravity,https://youtu.be/TZkleWcH-wU
Green,https://youtu.be/D9ihUabRKIQ
Grey,https://youtu.be/0JIsxA88oss
Grind,https://youtu.be/_RUSSzoAwkI
Gross,https://youtu.be/5W55as3iStE
Groundnut,https://youtu.be/6OIXmWk9mhY
Group,https://youtu.be/6x41e1s898c
Grow,https://youtu.be/etpYZfoTkBE
Growth,https://youtu.be/drY08LJIVLw
Guard,https://youtu.be/m95rHmULP1k
Guilty,https://youtu.be/zeLeGWdpYiE
Guitar,https://youtu.be/WXmlDg-Id_U
Gujarati,https://youtu.be/mP9BH-ZabQk
Gun,https://youtu.be/lDeEBmTDzIY
Gurunanak Jayanthi,https://youtu.be/sAQO6QDpXPM
Guwahati,https://youtu.be/562GxmYvvsg
